{
  "Q": {
    "q0": {
      "b": "q1",
      "a": "q5",
      "r": "q5",
      "t": "q5",
      "e": "q5",
      "k": "q5"
    },
    "q1": {
      "b": "q5",
      "a": "q1",
      "r": "q2",
      "t": "q5",
      "e": "q5",
      "k": "q5"
    },
    "q2": {
      "b": "q5",
      "a": "q5",
      "r": "q5",
      "t": "q3",
      "e": "q5",
      "k": "q5"
    },
    "q3": {
      "b": "q5",
      "a": "q5",
      "r": "q5",
      "t": "q5",
      "e": "q4",
      "k": "q5"
    },
    "q4": {
      "b": "q5",
      "a": "q5",
      "r": "q5",
      "t": "q5",
      "e": "q5",
      "k": "q4"
    },
    "q5": {
      "b": "q5",
      "a": "q5",
      "r": "q5",
      "t": "q5",
      "e": "q5",
      "k": "q5"
    }
  },
  "accept_state": [
    "q4"
  ],
  "input_string": "bartek",
  "simulation": [
    "q0 ------- b ------> q1",
    "q1 ------- a ------> q1",
    "q1 ------- r ------> q2",
    "q2 ------- t ------> q3",
    "q3 ------- e ------> q4",
    "q4 ------- k ------> q4",
    "Final state: q4",
    "Input string accepted"
  ]
}