{
  "Q": {
    "q0": {
      "a": "q0",
      "b": "q1",
      "c": "q3",
      "d": "q3"
    },
    "q1": {
      "a": "q3",
      "b": "q3",
      "c": "q2",
      "d": "q3"
    },
    "q2": {
      "a": "q3",
      "b": "q3",
      "c": "q3",
      "d": "q2"
    },
    "q3": {
      "a": "q3",
      "b": "q3",
      "c": "q3",
      "d": "q3"
    }
  },
  "accept_state": [
    "q2"
  ],
  "input_string": "abcddddb",
  "simulation": [
    "q0 ------- a ------> q0",
    "q0 ------- b ------> q1",
    "q1 ------- c ------> q2",
    "q2 ------- d ------> q2",
    "q2 ------- d ------> q2",
    "q2 ------- d ------> q2",
    "q2 ------- d ------> q2",
    "q2 ------- b ------> q3",
    "Final state: q3",
    "Input string not accepted"
  ]
}