{

  "input_string": "a aaa",

  "start_state": "q0",

  "Q": {
    "q0": {
      " ": ["q1", "", "R"],
      "a": ["qr", "", "R"],
      "b": ["qr", "", "R"]
    },    "q1": {
      " ": ["qa", "", "R"],
      "a": ["q2", " ", "R"],
      "b": ["q5", " ", "R"]
    },
            "q2": {
      " ": ["q3", "", "L"],
      "a": ["q2", "", "R"],
      "b": ["q2", "", "R"]
    },
            "q3": {
      " ": ["qa", "", "R"],
      "a": ["q4", " ", "L"],
      "b": ["qr", "", "R"]
    },
            "q4": {
      " ": ["q1", "", "R"],
      "a": ["q4", "", "L"],
      "b": ["q4", "", "L"]
    },
     "q5": {
      " ": ["q6", "", "L"],
      "a": ["q5", "", "R"],
      "b": ["q5", "", "R"]
    }, "q6": {
      " ": ["qa", "", "L"],
      "a": ["qr", "", "L"],
      "b": ["q7", " ", "L"]
    }, "q7": {
      " ": ["q1", "", "R"],
      "a": ["q7", "", "L"],
      "b": ["q7", "", "L"]
    }
}
}