{

  "input_string": "[(23,43),(23,43)#2,3,4]",

  "start_state": "q0",

  "Q": {
    "q0": {
      "[": ["q1", "", "R"],
      "]": ["qr", "", "R"],
      ",": ["qr", "", "R"],
      "(": ["qr", "", "R"],
      ")": ["qr", "", "R"],
      "0": ["qr", "", "R"],
      "1": ["qr", "", "R"],
      "2": ["qr", "", "R"],
      "3": ["qr", "", "R"],
      "4": ["qr", "", "R"],
      "5": ["qr", "", "R"],
      "6": ["qr", "", "R"],
      "7": ["qr", "", "R"],
      "8": ["qr", "", "R"],
      "9": ["qr", "", "R"],
      "#": ["qr", "", "R"],
      " ": ["qr", "", "R"]
    },
    "q1": {
      "[": ["qr", "", "R"],
      "]": ["qr", "", "R"],
      ",": ["qr", "", "R"],
      "(": ["q2", "", "R"],
      ")": ["qr", "", "R"],
      "0": ["qr", "", "R"],
      "1": ["qr", "", "R"],
      "2": ["qr", "", "R"],
      "3": ["qr", "", "R"],
      "4": ["qr", "", "R"],
      "5": ["qr", "", "R"],
      "6": ["qr", "", "R"],
      "7": ["qr", "", "R"],
      "8": ["qr", "", "R"],
      "9": ["qr", "", "R"],
      "#": ["q7", "", "R"],
      " ": ["qr", "", "R"]

    },
    "q2": {
      "[": ["qr", "", "R"],
      "]": ["qr", "", "R"],
      ",": ["qr", "", "R"],
      "(": ["qr", "", "R"],
      ")": ["qr", "", "R"],
      "0": ["qr", "", "R"],
      "1": ["q3", "", "R"],
      "2": ["q3", "", "R"],
      "3": ["q3", "", "R"],
      "4": ["q3", "", "R"],
      "5": ["q3", "", "R"],
      "6": ["q3", "", "R"],
      "7": ["q3", "", "R"],
      "8": ["q3", "", "R"],
      "9": ["q3", "", "R"],
      "#": ["qr", "", "R"],
      " ": ["qr", "", "R"]

    },
        "q3": {
      "[": ["qr", "", "R"],
      "]": ["qr", "", "R"],
      ",": ["q4", "", "R"],
      "(": ["qr", "", "R"],
      ")": ["qr", "", "R"],
      "0": ["q3", "", "R"],
      "1": ["q3", "", "R"],
      "2": ["q3", "", "R"],
      "3": ["q3", "", "R"],
      "4": ["q3", "", "R"],
      "5": ["q3", "", "R"],
      "6": ["q3", "", "R"],
      "7": ["q3", "", "R"],
      "8": ["q3", "", "R"],
      "9": ["q3", "", "R"],
      "#": ["qr", "", "R"],
      " ": ["qr", "", "R"]

    },    "q4": {
      "[": ["qr", "", "R"],
      "]": ["qr", "", "R"],
      ",": ["qr", "", "R"],
      "(": ["q2", "", "R"],
      ")": ["qr", "", "R"],
      "0": ["qr", "", "R"],
      "1": ["q5", "", "R"],
      "2": ["q5", "", "R"],
      "3": ["q5", "", "R"],
      "4": ["q5", "", "R"],
      "5": ["q5", "", "R"],
      "6": ["q5", "", "R"],
      "7": ["q5", "", "R"],
      "8": ["q5", "", "R"],
      "9": ["q5", "", "R"],
      "#": ["qr", "", "R"],
      " ": ["qr", "", "R"]

    },
        "q5": {
      "[": ["qr", "", "R"],
      "]": ["qr", "", "R"],
      ",": ["qr", "", "R"],
      "(": ["qr", "", "R"],
      ")": ["q6", "", "R"],
      "0": ["q5", "", "R"],
      "1": ["q5", "", "R"],
      "2": ["q5", "", "R"],
      "3": ["q5", "", "R"],
      "4": ["q5", "", "R"],
      "5": ["q5", "", "R"],
      "6": ["q5", "", "R"],
      "7": ["q5", "", "R"],
      "8": ["q5", "", "R"],
      "9": ["q5", "", "R"],
      "#": ["qr", "", "R"],
      " ": ["qr", "", "R"]

    },
        "q6": {
      "[": ["qr", "", "R"],
      "]": ["qr", "", "R"],
      ",": ["q4", "", "R"],
      "(": ["qr", "", "R"],
      ")": ["qr", "", "R"],
      "0": ["qr", "", "R"],
      "1": ["qr", "", "R"],
      "2": ["qr", "", "R"],
      "3": ["qr", "", "R"],
      "4": ["qr", "", "R"],
      "5": ["qr", "", "R"],
      "6": ["qr", "", "R"],
      "7": ["qr", "", "R"],
      "8": ["qr", "", "R"],
      "9": ["qr", "", "R"],
      "#": ["q7", "", "R"],
      " ": ["qr", "", "R"]

    },
        "q7": {
      "[": ["qr", "", "R"],
      "]": ["qr", "", "R"],
      ",": ["qr", "", "L"],
      "(": ["qr", "", "R"],
      ")": ["qr", "", "R"],
      "0": ["qr", "", "R"],
      "1": ["q8", "", "R"],
      "2": ["q8", "", "R"],
      "3": ["q8", "", "R"],
      "4": ["q8", "", "R"],
      "5": ["q8", "", "R"],
      "6": ["q8", "", "R"],
      "7": ["q8", "", "R"],
      "8": ["q8", "", "R"],
      "9": ["q8", "", "R"],
      "#": ["qr", "", "R"],
      " ": ["qr", "", "R"]

    },
        "q8": {
      "[": ["qr", "", "R"],
      "]": ["q9", "", "R"],
      ",": ["q7", "", "R"],
      "(": ["qr", "", "R"],
      ")": ["qr", "", "R"],
      "0": ["q8", "", "R"],
      "1": ["q8", "", "R"],
      "2": ["q8", "", "R"],
      "3": ["q8", "", "R"],
      "4": ["q8", "", "R"],
      "5": ["q8", "", "R"],
      "6": ["q8", "", "R"],
      "7": ["q8", "", "R"],
      "8": ["q8", "", "R"],
      "9": ["q8", "", "R"],
      "#": ["qr", "", "R"],
      " ": ["qr", "", "R"]

    },        "q9": {
      "[": ["qr", "", "R"],
      "]": ["qr", "", "R"],
      ",": ["qr", "", "R"],
      "(": ["qr", "", "R"],
      ")": ["qr", "", "R"],
      "0": ["qr", "", "R"],
      "1": ["qr", "", "R"],
      "2": ["qr", "", "R"],
      "3": ["qr", "", "R"],
      "4": ["qr", "", "R"],
      "5": ["qr", "", "R"],
      "6": ["qr", "", "R"],
      "7": ["qr", "", "R"],
      "8": ["qr", "", "R"],
      "9": ["qr", "", "R"],
      "#": ["qr", "", "R"],
      " ": ["qa", "", "L"]

    }
  }
}