{

  "input_string": "a aaa",

  "start_state": "q0",

  "Q": {
    "q0": {
      "x": ["q1", "", "R"],
      "a": ["q2", "a_cs", "R"],
      "b": ["q2", "b_cs", "R"],
      "c": ["q2", "c_cs", "R"]
    },
    "q1": {
      " ": ["qa", "", "L"],
      "a_cs": ["qr", "", "L"],
      "b_cs": ["qr", "", "L"],
      "c_cs": ["qr", "", "L"],
      "a": ["qr", "", "L"],
      "b": ["qr", "", "L"],
      "c": ["qr", "", "L"]
    },
    "q2": {
      "a_cs": ["q3", "", "L"],
      "b_cs": ["q3", "", "L"],
      "c_cs": ["q3", "", "L"],
      " ": ["q3", "", "L"],
      "a": ["q2", "", "R"],
      "b": ["q2", "", "R"],
      "c": ["q2", "", "R"],
      "x": ["q2", "", "R"]
    },
    "q3": {
      "a_cs": ["qr", "", "L"],
      "b_cs": ["qr", "", "L"],
      "c_cs": ["qr", "", "L"],
      "x": ["qr", "", "L"],
      "a": ["q4", "a_cs", "L"],
      "b": ["q4", "b_cs", "L"],
      "c": ["q4", "c_cs", "L"]
    },
    "q4": {
      "a": ["q4", "", "L"],
      "b": ["q4", "", "L"],
      "c": ["q4", "", "L"],
      "x": ["q4", "", "L"],
      "a_cs": ["q5", "", "R"],
      "b_cs": ["q5", "", "R"],
      "c_cs": ["q5", "", "R"]
    },
    "q5": {
      "a_cs": ["qr", "", "L"],
      "b_cs": ["qr", "", "L"],
      "c_cs": ["qr", "", "L"],
      "x": ["q6", "", "R"],
      "a": ["q2", "a_cs", "R"],
      "b": ["q2", "b_cs", "R"],
      "c": ["q2", "c_cs", "R"]
    },
    "q6": {
      "a_cs": ["qa", "", "L"],
      "b_cs": ["qa", "", "L"],
      "c_cs": ["qa", "", "L"],
      "x": ["qr", "", "L"],
      "a": ["qr", "", "L"],
      "b": ["qr", "", "L"],
      "c": ["qr", "", "L"]
    }
  }
}