{

  "input_string": "a aaa",

  "start_state": "q0",

  "Q": {
    "q0": {
      " ": ["qr", "", "L"],
      "a": ["q1", "a_dot", "R"]
    },
    "q1": {
      " ": ["qa", "", "L"],
      "a_cs": ["q1", "", "R"
      ],
      "a": ["q2", "", "L"
      ]
    },
    "q2": {
      "a_cs": ["q2", "", "L"],
      "a_dot": ["q3", "", "L"]
    },
    "q3": {
      "a_cs": ["q3", "", "R"],
      " ": ["q6", "", "L"],
      "a": ["q4", "", "R"],
      "a_dot": ["q4", "", "R"]
    },
    "q4": {
      " ": ["qr", "", "L"],
      "a_cs": ["q4", "", "R"],
      "a": ["q5", "a_cs", "R"]
    },
    "q5": {
      "a_cs": ["q5", "", "R"],
      " ": ["qr", "", "L"],
      "a": ["q3", "a_cs", "R"]
    },
    "q6": {
      "a_dot": ["q1", "", "R"],
      "a": ["q6", "", "L"],
      "a_cs": ["q6", "", "L"]
    }
  }
}